{
    "train_loss": [
        14.518709182739258,
        13.022770881652832
    ],
    "val_loss": [
        464.59869384765625,
        620.8719444274902
    ]
}